claimReasonText,memberHCId,transactionPath,serviceStartDate,providerTaxId,memberCode,providerLicenseNo,accumName,sourceSystemClaimId,memberContract,serviceEndDate,lastUpdtUsrId,organizationCode,visits,claimSource,providerNPIId,memberSource,accumStartDate,claimId,days,memberCase,accumEndDate,amount,memberTier,productType,diagnosisCode,claimNetwork
Non P2P,MEM000200,EA,2019-05-01,PROV12345,10,LIC12345,BASINDED,2019008SG00180999,AAAA,2019-05-01,AUTOTEST,,0,PY1,NPI12345,PY1,2019-01-01,2019008SG00180999,0,AUTO001,2019-12-31,50,0,MED,NA,T1
Non P2P,MEM000200,EA,2019-05-01,PROV12345,10,LIC12345,BASFMDED,2019008SG00180999,AAAA,2019-05-01,AUTOTEST,,0,PY1,NPI12345,PY1,2019-01-01,2019008SG00180999,0,AUTO001,2019-12-31,50,0,MED,NA,T1
Non P2P,MEM000200,EA,2019-05-01,PROV12345,10,LIC12345,HMINDOOP,2019008SG00180999,AAAA,2019-05-01,AUTOTEST,,0,PY1,NPI12345,PY1,2019-01-01,2019008SG00180999,0,AUTO001,2019-12-31,100,0,MED,NA,T1
Non P2P,MEM000200,EA,2019-05-01,PROV12345,10,LIC12345,HMFAMOOP,2019008SG00180999,AAAA,2019-05-01,AUTOTEST,,0,PY1,NPI12345,PY1,2019-01-01,2019008SG00180999,0,AUTO001,2019-12-31,100,0,MED,NA,T1
Non P2P,MEM000200,EA,2019-05-01,PROV12345,10,LIC12345,BASINDED,2019008SG00280999,AAAA,2019-05-01,AUTOTEST,,0,PY1,NPI12345,PY1,2019-01-01,2019008SG00280999,0,AUTO001,2019-12-31,40,0,MED,NA,T1
Non P2P,MEM000200,EA,2019-05-01,PROV12345,10,LIC12345,BASFMDED,2019008SG00280999,AAAA,2019-05-01,AUTOTEST,,0,PY1,NPI12345,PY1,2019-01-01,2019008SG00280999,0,AUTO001,2019-12-31,40,0,MED,NA,T1
Non P2P,MEM000200,EA,2019-05-01,PROV12345,10,LIC12345,HMINDOOP,2019008SG00280999,AAAA,2019-05-01,AUTOTEST,,0,PY1,NPI12345,PY1,2019-01-01,2019008SG00280999,0,AUTO001,2019-12-31,100,0,MED,NA,T1
Non P2P,MEM000200,EA,2019-05-01,PROV12345,10,LIC12345,HMFAMOOP,2019008SG00280999,AAAA,2019-05-01,AUTOTEST,,0,PY1,NPI12345,PY1,2019-01-01,2019008SG00280999,0,AUTO001,2019-12-31,100,0,MED,NA,T1
Non P2P,MEM000200,EA,2019-05-01,PROV12345,40,LIC12345,BASINDED,2019008SG00380999,AAAA,2019-05-01,AUTOTEST,,0,PY1,NPI12345,PY1,2019-01-01,2019008SG00380999,0,AUTO001,2019-12-31,30,0,MED,NA,T1
Non P2P,MEM000200,EA,2019-05-01,PROV12345,40,LIC12345,BASFMDED,2019008SG00380999,AAAA,2019-05-01,AUTOTEST,,0,PY1,NPI12345,PY1,2019-01-01,2019008SG00380999,0,AUTO001,2019-12-31,30,0,MED,NA,T1
Non P2P,MEM000200,EA,2019-05-01,PROV12345,40,LIC12345,HMINDOOP,2019008SG00380999,AAAA,2019-05-01,AUTOTEST,,0,PY1,NPI12345,PY1,2019-01-01,2019008SG00380999,0,AUTO001,2019-12-31,100,0,MED,NA,T1
Non P2P,MEM000200,EA,2019-05-01,PROV12345,40,LIC12345,HMFAMOOP,2019008SG00380999,AAAA,2019-05-01,AUTOTEST,,0,PY1,NPI12345,PY1,2019-01-01,2019008SG00380999,0,AUTO001,2019-12-31,100,0,MED,NA,T1
Non Cost share,MEM000200,EA,2019-05-01,PROV12345,10,LIC12345,FERTLFMX,2019008SG00480999,AAAA,2019-05-01,AUTOTEST,,0,PY1,NPI12345,PY1,2019-01-01,2019008SG00480999,5,AUTO001,2019-12-31,75,0,MED,NA,T1
Non Cost share,MEM000200,EA,2019-05-01,PROV12345,10,LIC12345,FERTLFMX,2019008SG00580999,AAAA,2019-05-01,AUTOTEST,,0,PY1,NPI12345,PY1,2019-01-01,2019008SG00580999,5,AUTO001,2019-12-31,100,0,MED,NA,T1
